<?xml version="1.0" encoding="UTF-8"?>
<beans xmlns="http://www.springframework.org/schema/beans"
	xmlns:xsi="http://www.w3.org/2001/XMLSchema-instance"
	xmlns:context="http://www.springframework.org/schema/context"
	xmlns:jdbc="http://www.springframework.org/schema/jdbc"
	xmlns:mvc="http://www.springframework.org/schema/mvc"
	xmlns:tx="http://www.springframework.org/schema/tx"
	xsi:schemaLocation="http://www.springframework.org/schema/beans http://www.springframework.org/schema/beans/spring-beans.xsd
		http://www.springframework.org/schema/context http://www.springframework.org/schema/context/spring-context-4.3.xsd
		http://www.springframework.org/schema/jdbc http://www.springframework.org/schema/jdbc/spring-jdbc-4.3.xsd
		http://www.springframework.org/schema/tx http://www.springframework.org/schema/tx/spring-tx-4.3.xsd">

<context:annotation-config/>
<context:component-scan base-package="modelo"></context:component-scan>	
	
	<bean id="data"
		class="org.springframework.jdbc.datasource.DriverManagerDataSource">
		<property name="driverClassName"
			value="com.mysql.jdbc.Driver">
		</property>
		<property name="url"
			value="jdbc:mysql://localhost:3306/proyecto">
		</property>
		<property name="username" value="root"></property>
		<property name="password" value="root"></property>
	</bean>
	
	<!-- Creación del adaptador JPA-Hibernate -->
	<bean id="adp"
		class="org.springframework.orm.jpa.vendor.HibernateJpaVendorAdapter">
		<property name="databasePlatform"
			value="org.hibernate.dialect.MySQLDialect">
		</property>
	</bean>
	
	<!-- Configuración JPA -->	
	<bean id="factory"
		class="org.springframework.orm.jpa.LocalContainerEntityManagerFactoryBean">
		<property name="persistenceUnitName" value="proyectoPU"></property>
		<property name="dataSource" ref="data"></property>
		<property name="jpaVendorAdapter" ref="adp"></property>
		<property name="packagesToScan" value="entidades"></property>
	</bean>
	
	<!-- Creación objeto Transaction Manager -->	
	<bean id="tm"
		class="org.springframework.orm.jpa.JpaTransactionManager">
		<property name="entityManagerFactory" ref="factory"></property>
	</bean>
	
	<!-- Permitir utilizar el transaction manager de forma declarativa (Anotaciones) -->
	<tx:annotation-driven transaction-manager="tm"/>
</beans>
